USE MASTER
GO
IF EXISTS(SELECT NAME FROM SYSDATABASES WHERE NAME='ZASASHOP')
	DROP DATABASE ZASASHOP
GO
SET DATEFORMAT DMY
GO
CREATE DATABASE ZASASHOP
GO
USE [ZASASHOP]
GO
/****** Object:  Table [dbo].[ACCOUNT]    Script Date: 14/06/2021 12:53:58 SA ******/
SET ANSI_NULLS ON
GO
SET QUOTED_IDENTIFIER ON
GO
CREATE TABLE [dbo].[ACCOUNT](
	[ID] [int] IDENTITY(1,1) NOT NULL,
	[TAI_KHOAN] [nvarchar](250) NULL,
	[MAT_KHAU] [nvarchar](250) NULL,
	[ID_GROUP] [varchar](50) NULL,
	[OWNERS] [nvarchar](250) NULL,
	[TRANG_THAI] [bit] NULL,
	[NGAY_TAO] [date] NULL,
 CONSTRAINT [PK_ACCOUNT] PRIMARY KEY CLUSTERED 
(
	[ID] ASC
)WITH (PAD_INDEX = OFF, STATISTICS_NORECOMPUTE = OFF, IGNORE_DUP_KEY = OFF, ALLOW_ROW_LOCKS = ON, ALLOW_PAGE_LOCKS = ON, OPTIMIZE_FOR_SEQUENTIAL_KEY = OFF) ON [PRIMARY]
) ON [PRIMARY]
GO
/****** Object:  Table [dbo].[AccountGroup]    Script Date: 14/06/2021 12:53:58 SA ******/
SET ANSI_NULLS ON
GO
SET QUOTED_IDENTIFIER ON
GO
CREATE TABLE [dbo].[AccountGroup](
	[ID_GROUP] [varchar](50) NOT NULL,
	[NAME_GROUP] [nvarchar](50) NULL,
 CONSTRAINT [PK_AccountGroup] PRIMARY KEY CLUSTERED 
(
	[ID_GROUP] ASC
)WITH (PAD_INDEX = OFF, STATISTICS_NORECOMPUTE = OFF, IGNORE_DUP_KEY = OFF, ALLOW_ROW_LOCKS = ON, ALLOW_PAGE_LOCKS = ON, OPTIMIZE_FOR_SEQUENTIAL_KEY = OFF) ON [PRIMARY]
) ON [PRIMARY]
GO
/****** Object:  Table [dbo].[CT_DON_HANG]    Script Date: 14/06/2021 12:53:58 SA ******/
SET ANSI_NULLS ON
GO
SET QUOTED_IDENTIFIER ON
GO
CREATE TABLE [dbo].[CT_DON_HANG](
	[IDDH] [int] NOT NULL,
	[MASP] [int] NOT NULL,
	[SO_LUONG] [int] NULL,
	[THANH_TIEN] [float] NULL,
 CONSTRAINT [PK_CT_DON_HANG] PRIMARY KEY CLUSTERED 
(
	[IDDH] ASC,
	[MASP] ASC
)WITH (PAD_INDEX = OFF, STATISTICS_NORECOMPUTE = OFF, IGNORE_DUP_KEY = OFF, ALLOW_ROW_LOCKS = ON, ALLOW_PAGE_LOCKS = ON, OPTIMIZE_FOR_SEQUENTIAL_KEY = OFF) ON [PRIMARY]
) ON [PRIMARY]
GO
/****** Object:  Table [dbo].[CT_KM]    Script Date: 14/06/2021 12:53:58 SA ******/
SET ANSI_NULLS ON
GO
SET QUOTED_IDENTIFIER ON
GO
CREATE TABLE [dbo].[CT_KM](
	[IDKM] [int] NOT NULL,
	[MAKH] [int] NOT NULL,
	[ORDERNUMER] [int] NULL,
 CONSTRAINT [PK_CT_KM] PRIMARY KEY CLUSTERED 
(
	[IDKM] ASC,
	[MAKH] ASC
)WITH (PAD_INDEX = OFF, STATISTICS_NORECOMPUTE = OFF, IGNORE_DUP_KEY = OFF, ALLOW_ROW_LOCKS = ON, ALLOW_PAGE_LOCKS = ON, OPTIMIZE_FOR_SEQUENTIAL_KEY = OFF) ON [PRIMARY]
) ON [PRIMARY]
GO
/****** Object:  Table [dbo].[DON_HANG]    Script Date: 14/06/2021 12:53:58 SA ******/
SET ANSI_NULLS ON
GO
SET QUOTED_IDENTIFIER ON
GO
CREATE TABLE [dbo].[DON_HANG](
	[IDDH] [int] IDENTITY(1,1) NOT NULL,
	[MAKH] [int] NOT NULL,
	[DT_GH] [char](10) NULL,
	[SHIP] [bit] NULL,
	[NGAY_TAO] [date] NULL,
	[TRANG_THAI] [nvarchar](50) NULL,
	[NOTE] [nvarchar](50) NULL,
	[NGAY_LAY_DO] [datetime] NOT NULL,
	[NGAY_HEN_KHACH] [datetime] NOT NULL,
 CONSTRAINT [PK_DON_HANG] PRIMARY KEY CLUSTERED 
(
	[IDDH] ASC
)WITH (PAD_INDEX = OFF, STATISTICS_NORECOMPUTE = OFF, IGNORE_DUP_KEY = OFF, ALLOW_ROW_LOCKS = ON, ALLOW_PAGE_LOCKS = ON, OPTIMIZE_FOR_SEQUENTIAL_KEY = OFF) ON [PRIMARY]
) ON [PRIMARY]
GO
/****** Object:  Table [dbo].[KHACH_HANG]    Script Date: 14/06/2021 12:53:58 SA ******/
SET ANSI_NULLS ON
GO
SET QUOTED_IDENTIFIER ON
GO
CREATE TABLE [dbo].[KHACH_HANG](
	[MAKH] [int] IDENTITY(1,1) NOT NULL,
	[TENKH] [nvarchar](250) NULL,
	[NICK_NAME] [nvarchar](50) NULL,
	[GT] [nvarchar](10) NULL,
	[NGAY_SINH] [date] NULL,
	[DT_KH] [int] NULL,
	[GHI_CHU] [ntext] NULL,
	[NGAY_TAO] [date] NULL,
 CONSTRAINT [PK_KHACH_HANG] PRIMARY KEY CLUSTERED 
(
	[MAKH] ASC
)WITH (PAD_INDEX = OFF, STATISTICS_NORECOMPUTE = OFF, IGNORE_DUP_KEY = OFF, ALLOW_ROW_LOCKS = ON, ALLOW_PAGE_LOCKS = ON, OPTIMIZE_FOR_SEQUENTIAL_KEY = OFF) ON [PRIMARY]
) ON [PRIMARY] TEXTIMAGE_ON [PRIMARY]
GO
/****** Object:  Table [dbo].[KHUYEN_MAI]    Script Date: 14/06/2021 12:53:58 SA ******/
SET ANSI_NULLS ON
GO
SET QUOTED_IDENTIFIER ON
GO
CREATE TABLE [dbo].[KHUYEN_MAI](
	[IDKM] [int] IDENTITY(1,1) NOT NULL,
	[MAKM] [varchar](50) NOT NULL,
	[TEN_CH_TRINH] [nvarchar](250) NULL,
	[NGAY_BD] [datetime] NULL,
	[NGAY_KT] [datetime] NULL,
	[NGAY_TAO] [date] NULL,
 CONSTRAINT [PK_KHUYEN_MAI] PRIMARY KEY CLUSTERED 
(
	[IDKM] ASC
)WITH (PAD_INDEX = OFF, STATISTICS_NORECOMPUTE = OFF, IGNORE_DUP_KEY = OFF, ALLOW_ROW_LOCKS = ON, ALLOW_PAGE_LOCKS = ON, OPTIMIZE_FOR_SEQUENTIAL_KEY = OFF) ON [PRIMARY]
) ON [PRIMARY]
GO
/****** Object:  Table [dbo].[NHAN_VIEN]    Script Date: 14/06/2021 12:53:58 SA ******/
SET ANSI_NULLS ON
GO
SET QUOTED_IDENTIFIER ON
GO
CREATE TABLE [dbo].[NHAN_VIEN](
	[MANV] [int] IDENTITY(1,1) NOT NULL,
	[HO_TEN] [nvarchar](250) NULL,
	[GT] [nvarchar](10) NULL,
	[NGAY_SINH] [date] NULL,
	[SDT] [char](10) NULL,
	[LUONG] [float] NULL,
	[NGAY_TAO] [date] NULL,
 CONSTRAINT [PK_NHAN_VIEN] PRIMARY KEY CLUSTERED 
(
	[MANV] ASC
)WITH (PAD_INDEX = OFF, STATISTICS_NORECOMPUTE = OFF, IGNORE_DUP_KEY = OFF, ALLOW_ROW_LOCKS = ON, ALLOW_PAGE_LOCKS = ON, OPTIMIZE_FOR_SEQUENTIAL_KEY = OFF) ON [PRIMARY]
) ON [PRIMARY]
GO
/****** Object:  Table [dbo].[Permissions]    Script Date: 14/06/2021 12:53:58 SA ******/
SET ANSI_NULLS ON
GO
SET QUOTED_IDENTIFIER ON
GO
CREATE TABLE [dbo].[Permissions](
	[ID_GROUP] [varchar](50) NOT NULL,
	[ID_ROLES] [varchar](50) NOT NULL,
 CONSTRAINT [PK_Permissions] PRIMARY KEY CLUSTERED 
(
	[ID_GROUP] ASC,
	[ID_ROLES] ASC
)WITH (PAD_INDEX = OFF, STATISTICS_NORECOMPUTE = OFF, IGNORE_DUP_KEY = OFF, ALLOW_ROW_LOCKS = ON, ALLOW_PAGE_LOCKS = ON, OPTIMIZE_FOR_SEQUENTIAL_KEY = OFF) ON [PRIMARY]
) ON [PRIMARY]
GO
/****** Object:  Table [dbo].[Roles]    Script Date: 14/06/2021 12:53:58 SA ******/
SET ANSI_NULLS ON
GO
SET QUOTED_IDENTIFIER ON
GO
CREATE TABLE [dbo].[Roles](
	[ID_ROLES] [varchar](50) NOT NULL,
	[NAME_ROLES] [nvarchar](50) NULL,
 CONSTRAINT [PK_Roles] PRIMARY KEY CLUSTERED 
(
	[ID_ROLES] ASC
)WITH (PAD_INDEX = OFF, STATISTICS_NORECOMPUTE = OFF, IGNORE_DUP_KEY = OFF, ALLOW_ROW_LOCKS = ON, ALLOW_PAGE_LOCKS = ON, OPTIMIZE_FOR_SEQUENTIAL_KEY = OFF) ON [PRIMARY]
) ON [PRIMARY]
GO
/****** Object:  Table [dbo].[SAN_PHAM]    Script Date: 14/06/2021 12:53:58 SA ******/
SET ANSI_NULLS ON
GO
SET QUOTED_IDENTIFIER ON
GO
CREATE TABLE [dbo].[SAN_PHAM](
	[MASP] [int] IDENTITY(1,1) NOT NULL,
	[TEN_SP] [nvarchar](250) NULL,
	[DVT] [nvarchar](50) NULL,
	[DON_GIA] [money] NULL,
	[MO_TA] [nvarchar](250) NULL,
	[NGAY_TAO] [date] NULL,
 CONSTRAINT [PK_SAN_PHAM] PRIMARY KEY CLUSTERED 
(
	[MASP] ASC
)WITH (PAD_INDEX = OFF, STATISTICS_NORECOMPUTE = OFF, IGNORE_DUP_KEY = OFF, ALLOW_ROW_LOCKS = ON, ALLOW_PAGE_LOCKS = ON, OPTIMIZE_FOR_SEQUENTIAL_KEY = OFF) ON [PRIMARY]
) ON [PRIMARY]
GO
SET IDENTITY_INSERT [dbo].[ACCOUNT] ON 

INSERT [dbo].[ACCOUNT] ([ID], [TAI_KHOAN], [MAT_KHAU], [ID_GROUP], [OWNERS], [TRANG_THAI], [NGAY_TAO]) VALUES (2, N'mod', N'1', N'MOD', NULL, 1, CAST(N'2021-05-22' AS Date))
INSERT [dbo].[ACCOUNT] ([ID], [TAI_KHOAN], [MAT_KHAU], [ID_GROUP], [OWNERS], [TRANG_THAI], [NGAY_TAO]) VALUES (3, N'user2', N'1', N'MEMBER', NULL, 0, NULL)
INSERT [dbo].[ACCOUNT] ([ID], [TAI_KHOAN], [MAT_KHAU], [ID_GROUP], [OWNERS], [TRANG_THAI], [NGAY_TAO]) VALUES (6, N'admin', N'1', N'ADMIN', NULL, 1, CAST(N'2021-06-13' AS Date))
INSERT [dbo].[ACCOUNT] ([ID], [TAI_KHOAN], [MAT_KHAU], [ID_GROUP], [OWNERS], [TRANG_THAI], [NGAY_TAO]) VALUES (22, N'admin1', N'1', N'ADMIN', NULL, 0, CAST(N'2021-06-13' AS Date))
SET IDENTITY_INSERT [dbo].[ACCOUNT] OFF
GO
INSERT [dbo].[AccountGroup] ([ID_GROUP], [NAME_GROUP]) VALUES (N'ADMIN', N'Quản trị viên')
INSERT [dbo].[AccountGroup] ([ID_GROUP], [NAME_GROUP]) VALUES (N'MEMBER', N'Nhân viên')
INSERT [dbo].[AccountGroup] ([ID_GROUP], [NAME_GROUP]) VALUES (N'MOD', N'Moderatior')
GO
INSERT [dbo].[CT_DON_HANG] ([IDDH], [MASP], [SO_LUONG], [THANH_TIEN]) VALUES (40, 6, 1, 50000)
INSERT [dbo].[CT_DON_HANG] ([IDDH], [MASP], [SO_LUONG], [THANH_TIEN]) VALUES (41, 3, 1, 13000)
INSERT [dbo].[CT_DON_HANG] ([IDDH], [MASP], [SO_LUONG], [THANH_TIEN]) VALUES (42, 5, 5, 90000)
INSERT [dbo].[CT_DON_HANG] ([IDDH], [MASP], [SO_LUONG], [THANH_TIEN]) VALUES (43, 6, 3, 150000)
INSERT [dbo].[CT_DON_HANG] ([IDDH], [MASP], [SO_LUONG], [THANH_TIEN]) VALUES (44, 1, 1, 15000)
INSERT [dbo].[CT_DON_HANG] ([IDDH], [MASP], [SO_LUONG], [THANH_TIEN]) VALUES (46, 6, 1, 50000)
INSERT [dbo].[CT_DON_HANG] ([IDDH], [MASP], [SO_LUONG], [THANH_TIEN]) VALUES (47, 6, 1, 50000)
INSERT [dbo].[CT_DON_HANG] ([IDDH], [MASP], [SO_LUONG], [THANH_TIEN]) VALUES (48, 6, 2, 100000)
GO
SET IDENTITY_INSERT [dbo].[DON_HANG] ON 

INSERT [dbo].[DON_HANG] ([IDDH], [MAKH], [DT_GH], [SHIP], [NGAY_TAO], [TRANG_THAI], [NOTE], [NGAY_LAY_DO], [NGAY_HEN_KHACH]) VALUES (40, 3, N'0333019603', 1, CAST(N'2021-06-11' AS Date), N'mới nhận', N'Giao hàng', CAST(N'2021-06-11T13:06:00.000' AS DateTime), CAST(N'2021-06-12T13:06:00.000' AS DateTime))
INSERT [dbo].[DON_HANG] ([IDDH], [MAKH], [DT_GH], [SHIP], [NGAY_TAO], [TRANG_THAI], [NOTE], [NGAY_LAY_DO], [NGAY_HEN_KHACH]) VALUES (41, 1, N'0333019603', 0, CAST(N'2021-06-11' AS Date), N'mới nhận', N'khách đến lấy', CAST(N'2021-06-11T19:22:00.000' AS DateTime), CAST(N'2021-06-11T19:22:00.000' AS DateTime))
INSERT [dbo].[DON_HANG] ([IDDH], [MAKH], [DT_GH], [SHIP], [NGAY_TAO], [TRANG_THAI], [NOTE], [NGAY_LAY_DO], [NGAY_HEN_KHACH]) VALUES (42, 3, N'0333019603', 1, CAST(N'2021-06-11' AS Date), N'mới nhận', N'Giao hàng', CAST(N'2021-06-11T19:24:00.000' AS DateTime), CAST(N'2021-06-12T19:24:00.000' AS DateTime))
INSERT [dbo].[DON_HANG] ([IDDH], [MAKH], [DT_GH], [SHIP], [NGAY_TAO], [TRANG_THAI], [NOTE], [NGAY_LAY_DO], [NGAY_HEN_KHACH]) VALUES (43, 3, N'0333019603', 0, CAST(N'2021-06-11' AS Date), N'mới nhận', N'khách đến lấy', CAST(N'2021-06-11T19:26:00.000' AS DateTime), CAST(N'2021-06-11T19:26:00.000' AS DateTime))
INSERT [dbo].[DON_HANG] ([IDDH], [MAKH], [DT_GH], [SHIP], [NGAY_TAO], [TRANG_THAI], [NOTE], [NGAY_LAY_DO], [NGAY_HEN_KHACH]) VALUES (44, 1, N'0333019603', 0, CAST(N'2021-06-11' AS Date), N'mới nhận', NULL, CAST(N'2021-06-11T19:26:00.000' AS DateTime), CAST(N'2021-06-12T19:26:00.000' AS DateTime))
INSERT [dbo].[DON_HANG] ([IDDH], [MAKH], [DT_GH], [SHIP], [NGAY_TAO], [TRANG_THAI], [NOTE], [NGAY_LAY_DO], [NGAY_HEN_KHACH]) VALUES (46, 1, N'0333019603', 1, CAST(N'2021-06-12' AS Date), N'giặt xong', N'Giao hàng', CAST(N'2021-06-12T19:15:00.000' AS DateTime), CAST(N'2021-06-12T19:15:00.000' AS DateTime))
INSERT [dbo].[DON_HANG] ([IDDH], [MAKH], [DT_GH], [SHIP], [NGAY_TAO], [TRANG_THAI], [NOTE], [NGAY_LAY_DO], [NGAY_HEN_KHACH]) VALUES (47, 4, N'0333019603', 1, CAST(N'2021-06-12' AS Date), N'mới nhận', N'Giao hàng', CAST(N'2021-06-12T23:22:00.000' AS DateTime), CAST(N'2021-06-12T23:22:00.000' AS DateTime))
INSERT [dbo].[DON_HANG] ([IDDH], [MAKH], [DT_GH], [SHIP], [NGAY_TAO], [TRANG_THAI], [NOTE], [NGAY_LAY_DO], [NGAY_HEN_KHACH]) VALUES (48, 4, N'0333019603', 1, CAST(N'2021-06-12' AS Date), N'mới nhận', N'Giao hàng', CAST(N'2021-06-12T23:27:00.000' AS DateTime), CAST(N'2021-06-13T23:27:00.000' AS DateTime))
SET IDENTITY_INSERT [dbo].[DON_HANG] OFF
GO
SET IDENTITY_INSERT [dbo].[KHACH_HANG] ON 

INSERT [dbo].[KHACH_HANG] ([MAKH], [TENKH], [NICK_NAME], [GT], [NGAY_SINH], [DT_KH], [GHI_CHU], [NGAY_TAO]) VALUES (1, N'Nguyễn Tuấn Vũ', N'Vũ 603', N'Nam', CAST(N'1999-10-29' AS Date), 333019603, NULL, CAST(N'2021-05-16' AS Date))
INSERT [dbo].[KHACH_HANG] ([MAKH], [TENKH], [NICK_NAME], [GT], [NGAY_SINH], [DT_KH], [GHI_CHU], [NGAY_TAO]) VALUES (2, N'Nguyễn Văn Quang', N'Quang72', N'Nam', CAST(N'1999-10-29' AS Date), 333019603, NULL, CAST(N'2021-05-16' AS Date))
INSERT [dbo].[KHACH_HANG] ([MAKH], [TENKH], [NICK_NAME], [GT], [NGAY_SINH], [DT_KH], [GHI_CHU], [NGAY_TAO]) VALUES (3, N'Trương Thị Thanh ', N'Thanh 73', N'nữ', CAST(N'1973-10-10' AS Date), 376787531, NULL, CAST(N'2021-05-17' AS Date))
INSERT [dbo].[KHACH_HANG] ([MAKH], [TENKH], [NICK_NAME], [GT], [NGAY_SINH], [DT_KH], [GHI_CHU], [NGAY_TAO]) VALUES (4, N'Nguyễn Văn Dũng', N'Dũng93', N'Nam', NULL, NULL, NULL, CAST(N'2021-05-25' AS Date))
SET IDENTITY_INSERT [dbo].[KHACH_HANG] OFF
GO
SET IDENTITY_INSERT [dbo].[KHUYEN_MAI] ON 

INSERT [dbo].[KHUYEN_MAI] ([IDKM], [MAKM], [TEN_CH_TRINH], [NGAY_BD], [NGAY_KT], [NGAY_TAO]) VALUES (2, N'KM50', N'giảm 50%', CAST(N'2021-05-24T00:00:00.000' AS DateTime), CAST(N'2021-05-25T00:00:00.000' AS DateTime), CAST(N'2021-05-24' AS Date))
SET IDENTITY_INSERT [dbo].[KHUYEN_MAI] OFF
GO
SET IDENTITY_INSERT [dbo].[NHAN_VIEN] ON 

INSERT [dbo].[NHAN_VIEN] ([MANV], [HO_TEN], [GT], [NGAY_SINH], [SDT], [LUONG], [NGAY_TAO]) VALUES (1, N'Nguyễn Tuấn Vũ', N'Nam', CAST(N'1999-10-29' AS Date), N'333019603 ', 3500000, CAST(N'2021-05-16' AS Date))
SET IDENTITY_INSERT [dbo].[NHAN_VIEN] OFF
GO
INSERT [dbo].[Roles] ([ID_ROLES], [NAME_ROLES]) VALUES (N'ADD', N'Thêm')
INSERT [dbo].[Roles] ([ID_ROLES], [NAME_ROLES]) VALUES (N'DELETE', N'Xóa')
INSERT [dbo].[Roles] ([ID_ROLES], [NAME_ROLES]) VALUES (N'EDIT', N'Sửa')
INSERT [dbo].[Roles] ([ID_ROLES], [NAME_ROLES]) VALUES (N'VIEW', N'Xem danh sách')
GO
SET IDENTITY_INSERT [dbo].[SAN_PHAM] ON 

INSERT [dbo].[SAN_PHAM] ([MASP], [TEN_SP], [DVT], [DON_GIA], [MO_TA], [NGAY_TAO]) VALUES (1, N'Gấu Bông', N'Con', 15000.0000, NULL, CAST(N'2021-05-06' AS Date))
INSERT [dbo].[SAN_PHAM] ([MASP], [TEN_SP], [DVT], [DON_GIA], [MO_TA], [NGAY_TAO]) VALUES (2, N'Nón bảo hiểm', N'Cái', 30000.0000, NULL, CAST(N'2021-05-06' AS Date))
INSERT [dbo].[SAN_PHAM] ([MASP], [TEN_SP], [DVT], [DON_GIA], [MO_TA], [NGAY_TAO]) VALUES (3, N'Giặt sấy quần áo < 2,5kg', N'kg', 13000.0000, NULL, CAST(N'2021-05-10' AS Date))
INSERT [dbo].[SAN_PHAM] ([MASP], [TEN_SP], [DVT], [DON_GIA], [MO_TA], [NGAY_TAO]) VALUES (4, N'Giặt sấy quần áo 2,6kg - 3,9kg', N'kg', 10000.0000, NULL, CAST(N'2021-05-10' AS Date))
INSERT [dbo].[SAN_PHAM] ([MASP], [TEN_SP], [DVT], [DON_GIA], [MO_TA], [NGAY_TAO]) VALUES (5, N'Giặt sấy quần áo 4kg - 5,9kg', N'kg', 18000.0000, NULL, CAST(N'2021-05-21' AS Date))
INSERT [dbo].[SAN_PHAM] ([MASP], [TEN_SP], [DVT], [DON_GIA], [MO_TA], [NGAY_TAO]) VALUES (6, N'Vệ sinh giày', N'đôi', 50000.0000, NULL, CAST(N'2021-05-24' AS Date))
SET IDENTITY_INSERT [dbo].[SAN_PHAM] OFF
GO
ALTER TABLE [dbo].[ACCOUNT] ADD  CONSTRAINT [DF__ACCOUNT__NGAY_TA__24927208]  DEFAULT (getdate()) FOR [NGAY_TAO]
GO
ALTER TABLE [dbo].[DON_HANG] ADD  CONSTRAINT [DF__DON_HANG__NGAY_T__300424B4]  DEFAULT (getdate()) FOR [NGAY_TAO]
GO
ALTER TABLE [dbo].[KHACH_HANG] ADD  DEFAULT (getdate()) FOR [NGAY_TAO]
GO
ALTER TABLE [dbo].[KHUYEN_MAI] ADD  DEFAULT (getdate()) FOR [NGAY_TAO]
GO
ALTER TABLE [dbo].[NHAN_VIEN] ADD  DEFAULT (getdate()) FOR [NGAY_TAO]
GO
ALTER TABLE [dbo].[SAN_PHAM] ADD  CONSTRAINT [DF__SAN_PHAM__NGAY_T__2A4B4B5E]  DEFAULT (getdate()) FOR [NGAY_TAO]
GO
ALTER TABLE [dbo].[ACCOUNT]  WITH CHECK ADD  CONSTRAINT [FK_ACCOUNT_AccountGroup] FOREIGN KEY([ID_GROUP])
REFERENCES [dbo].[AccountGroup] ([ID_GROUP])
GO
ALTER TABLE [dbo].[ACCOUNT] CHECK CONSTRAINT [FK_ACCOUNT_AccountGroup]
GO
ALTER TABLE [dbo].[CT_DON_HANG]  WITH CHECK ADD  CONSTRAINT [FK_CT_DON_HANG_DON_HANG] FOREIGN KEY([IDDH])
REFERENCES [dbo].[DON_HANG] ([IDDH])
GO
ALTER TABLE [dbo].[CT_DON_HANG] CHECK CONSTRAINT [FK_CT_DON_HANG_DON_HANG]
GO
ALTER TABLE [dbo].[CT_DON_HANG]  WITH CHECK ADD  CONSTRAINT [FK_CT_DON_HANG_SAN_PHAM] FOREIGN KEY([MASP])
REFERENCES [dbo].[SAN_PHAM] ([MASP])
GO
ALTER TABLE [dbo].[CT_DON_HANG] CHECK CONSTRAINT [FK_CT_DON_HANG_SAN_PHAM]
GO
ALTER TABLE [dbo].[CT_KM]  WITH CHECK ADD  CONSTRAINT [FK_CT_KM_KHACH_HANG] FOREIGN KEY([MAKH])
REFERENCES [dbo].[KHACH_HANG] ([MAKH])
GO
ALTER TABLE [dbo].[CT_KM] CHECK CONSTRAINT [FK_CT_KM_KHACH_HANG]
GO
ALTER TABLE [dbo].[CT_KM]  WITH CHECK ADD  CONSTRAINT [FK_CT_KM_KHUYEN_MAI] FOREIGN KEY([IDKM])
REFERENCES [dbo].[KHUYEN_MAI] ([IDKM])
GO
ALTER TABLE [dbo].[CT_KM] CHECK CONSTRAINT [FK_CT_KM_KHUYEN_MAI]
GO
ALTER TABLE [dbo].[DON_HANG]  WITH CHECK ADD  CONSTRAINT [FK_DON_HANG_KHACH_HANG] FOREIGN KEY([MAKH])
REFERENCES [dbo].[KHACH_HANG] ([MAKH])
GO
ALTER TABLE [dbo].[DON_HANG] CHECK CONSTRAINT [FK_DON_HANG_KHACH_HANG]
GO
ALTER TABLE [dbo].[Permissions]  WITH CHECK ADD  CONSTRAINT [FK_Permissions_AccountGroup] FOREIGN KEY([ID_GROUP])
REFERENCES [dbo].[AccountGroup] ([ID_GROUP])
GO
ALTER TABLE [dbo].[Permissions] CHECK CONSTRAINT [FK_Permissions_AccountGroup]
GO
ALTER TABLE [dbo].[Permissions]  WITH CHECK ADD  CONSTRAINT [FK_Permissions_Roles1] FOREIGN KEY([ID_ROLES])
REFERENCES [dbo].[Roles] ([ID_ROLES])
GO
ALTER TABLE [dbo].[Permissions] CHECK CONSTRAINT [FK_Permissions_Roles1]
GO
